<?xml version = '1.0' encoding = 'UTF-8'?>
<TableProxySqlServerv2k5 class="oracle.dbtools.crest.model.design.storage.sqlserver.v2k5.TableProxySqlServerv2k5" name="subcircuitos" directorySegmentName="seg_0" id="67ADF91B-1439-B80E-D85C-AC25A618A817">
<createdBy>USUARIO</createdBy>
<createdTime>2024-06-29 00:58:31 UTC</createdTime>
<ownerDesignName>ModeloRelacional</ownerDesignName>
<database>DB_NULLELEMENT</database>
<schema>F2D8F032-0FCE-D879-F47A-D355AC0C1A93</schema>
<columnProxies>
<ColumnProxy class="oracle.dbtools.crest.model.design.storage.sqlserver.v2k5.ColumnProxySqlServerv2k5" name="tipo" id="12B76AF8-630F-0ED6-F7A6-388D1B7C5257">
<createdBy>USUARIO</createdBy>
<createdTime>2024-06-29 00:58:31 UTC</createdTime>
<ownerDesignName>ModeloRelacional</ownerDesignName>
</ColumnProxy>
<ColumnProxy class="oracle.dbtools.crest.model.design.storage.sqlserver.v2k5.ColumnProxySqlServerv2k5" name="Circuitos_codigo_circuito" id="36B1C391-A32E-26BE-A72A-E0CCFB8DB9A0">
<createdBy>USUARIO</createdBy>
<createdTime>2024-06-29 00:58:31 UTC</createdTime>
<ownerDesignName>ModeloRelacional</ownerDesignName>
</ColumnProxy>
<ColumnProxy class="oracle.dbtools.crest.model.design.storage.sqlserver.v2k5.ColumnProxySqlServerv2k5" name="nombre_subcircuito" id="660A161C-843A-7E92-9F6F-37FF3A126FEB">
<createdBy>USUARIO</createdBy>
<createdTime>2024-06-29 00:58:31 UTC</createdTime>
<ownerDesignName>ModeloRelacional</ownerDesignName>
</ColumnProxy>
<ColumnProxy class="oracle.dbtools.crest.model.design.storage.sqlserver.v2k5.ColumnProxySqlServerv2k5" name="circuitos_codigo_circuito1" id="717E7433-3C16-2355-7FA9-A0209274A8D3">
<createdBy>USUARIO</createdBy>
<createdTime>2024-06-29 01:08:29 UTC</createdTime>
<ownerDesignName>ModeloRelacional</ownerDesignName>
</ColumnProxy>
<ColumnProxy class="oracle.dbtools.crest.model.design.storage.sqlserver.v2k5.ColumnProxySqlServerv2k5" name="clase" id="80481BB9-6BBC-F451-6D6A-0825EC3B9DCA">
<createdBy>USUARIO</createdBy>
<createdTime>2024-06-29 00:58:31 UTC</createdTime>
<ownerDesignName>ModeloRelacional</ownerDesignName>
</ColumnProxy>
<ColumnProxy class="oracle.dbtools.crest.model.design.storage.sqlserver.v2k5.ColumnProxySqlServerv2k5" name="codigo_subcircuito" id="86AEF961-F590-CEE7-C7FF-668B76ED8206">
<createdBy>USUARIO</createdBy>
<createdTime>2024-06-29 00:58:31 UTC</createdTime>
<ownerDesignName>ModeloRelacional</ownerDesignName>
</ColumnProxy>
<ColumnProxy class="oracle.dbtools.crest.model.design.storage.sqlserver.v2k5.ColumnProxySqlServerv2k5" name="infraestructura" id="9DF2CB29-7A58-48F8-1E92-80466A6AE1CB">
<createdBy>USUARIO</createdBy>
<createdTime>2024-06-29 00:58:31 UTC</createdTime>
<ownerDesignName>ModeloRelacional</ownerDesignName>
</ColumnProxy>
<ColumnProxy class="oracle.dbtools.crest.model.design.storage.sqlserver.v2k5.ColumnProxySqlServerv2k5" name="intervencion" id="B443B54B-0751-6FE8-F061-B0C9530729BE">
<createdBy>USUARIO</createdBy>
<createdTime>2024-06-29 00:58:31 UTC</createdTime>
<ownerDesignName>ModeloRelacional</ownerDesignName>
</ColumnProxy>
</columnProxies>
<foreignKeys>
<ForeignKey class="oracle.dbtools.crest.model.design.storage.sqlserver.v2k5.FKProxySqlServerv2k5" name="subcircuitos_circuitos_FK" id="D5B2D4F1-291F-8A66-DF93-8C67755D6F40">
<createdBy>USUARIO</createdBy>
<createdTime>2024-06-29 01:08:29 UTC</createdTime>
<ownerDesignName>ModeloRelacional</ownerDesignName>
</ForeignKey>
</foreignKeys>
<primaryKeys>
<PrimaryKey class="oracle.dbtools.crest.model.design.storage.sqlserver.v2k5.PKProxySqlServerv2k5" name="subcircuitos_pk" id="8B3ECCE3-F983-B5E8-3519-0055FCB1AE67">
<createdBy>USUARIO</createdBy>
<createdTime>2024-06-29 00:58:31 UTC</createdTime>
<ownerDesignName>ModeloRelacional</ownerDesignName>
</PrimaryKey>
</primaryKeys>
</TableProxySqlServerv2k5>