<?xml version = '1.0' encoding = 'UTF-8'?>
<TableProxySqlServerv2k5 class="oracle.dbtools.crest.model.design.storage.sqlserver.v2k5.TableProxySqlServerv2k5" name="parroquias" directorySegmentName="seg_0" id="793E8D3C-723C-A782-3764-1D77AEE18E56">
<createdBy>USUARIO</createdBy>
<createdTime>2024-06-29 00:58:31 UTC</createdTime>
<ownerDesignName>ModeloRelacional</ownerDesignName>
<database>DB_NULLELEMENT</database>
<schema>EB03AFA3-5427-00EF-3365-D21B5C8C9DDE</schema>
<columnProxies>
<ColumnProxy class="oracle.dbtools.crest.model.design.storage.sqlserver.v2k5.ColumnProxySqlServerv2k5" name="nombre_parroquia" id="12DE103A-BB3A-7D35-4C8B-3ADAB222D324">
<createdBy>USUARIO</createdBy>
<createdTime>2024-06-29 00:58:31 UTC</createdTime>
<ownerDesignName>ModeloRelacional</ownerDesignName>
</ColumnProxy>
<ColumnProxy class="oracle.dbtools.crest.model.design.storage.sqlserver.v2k5.ColumnProxySqlServerv2k5" name="Cantones_codigo_canton" id="1865F49C-598F-ACBE-99E6-F05168B30F18">
<createdBy>USUARIO</createdBy>
<createdTime>2024-06-29 00:58:31 UTC</createdTime>
<ownerDesignName>ModeloRelacional</ownerDesignName>
</ColumnProxy>
<ColumnProxy class="oracle.dbtools.crest.model.design.storage.sqlserver.v2k5.ColumnProxySqlServerv2k5" name="codigo_parroquia" id="5B369282-ABA3-D0B9-2906-DD16A713A462">
<createdBy>USUARIO</createdBy>
<createdTime>2024-06-29 00:58:31 UTC</createdTime>
<ownerDesignName>ModeloRelacional</ownerDesignName>
</ColumnProxy>
</columnProxies>
<foreignKeys>
<ForeignKey class="oracle.dbtools.crest.model.design.storage.sqlserver.v2k5.FKProxySqlServerv2k5" name="parroquias_cantones_FK" id="90E1347C-740D-51EA-AA77-F0C9C48D6A44">
<createdBy>USUARIO</createdBy>
<createdTime>2024-06-29 01:06:41 UTC</createdTime>
<ownerDesignName>ModeloRelacional</ownerDesignName>
</ForeignKey>
</foreignKeys>
<primaryKeys>
<PrimaryKey class="oracle.dbtools.crest.model.design.storage.sqlserver.v2k5.PKProxySqlServerv2k5" name="parroquias_pk" id="FADD0DB9-AC4A-5700-8619-BCCECD0BA6F9">
<createdBy>USUARIO</createdBy>
<createdTime>2024-06-29 00:58:31 UTC</createdTime>
<ownerDesignName>ModeloRelacional</ownerDesignName>
</PrimaryKey>
</primaryKeys>
</TableProxySqlServerv2k5>