<?xml version = '1.0' encoding = 'UTF-8'?>
<TableProxySqlServerv2k5 class="oracle.dbtools.crest.model.design.storage.sqlserver.v2k5.TableProxySqlServerv2k5" name="distritos" directorySegmentName="seg_0" id="F9FE0295-0230-2BDB-3D6E-19E28698A51B">
<createdBy>USUARIO</createdBy>
<createdTime>2024-06-29 00:58:31 UTC</createdTime>
<ownerDesignName>ModeloRelacional</ownerDesignName>
<database>DB_NULLELEMENT</database>
<schema>50A3C533-9AC7-0A2B-7E2C-04292D7F3F45</schema>
<columnProxies>
<ColumnProxy class="oracle.dbtools.crest.model.design.storage.sqlserver.v2k5.ColumnProxySqlServerv2k5" name="nombre_distrito" id="7203E741-3282-7B8D-D77F-AB5FC94AA88C">
<createdBy>USUARIO</createdBy>
<createdTime>2024-06-29 00:58:31 UTC</createdTime>
<ownerDesignName>ModeloRelacional</ownerDesignName>
</ColumnProxy>
<ColumnProxy class="oracle.dbtools.crest.model.design.storage.sqlserver.v2k5.ColumnProxySqlServerv2k5" name="Parroquias_codigo_parroquia" id="D9828268-50E5-899E-E38E-5215641130EC">
<createdBy>USUARIO</createdBy>
<createdTime>2024-06-29 00:58:31 UTC</createdTime>
<ownerDesignName>ModeloRelacional</ownerDesignName>
</ColumnProxy>
<ColumnProxy class="oracle.dbtools.crest.model.design.storage.sqlserver.v2k5.ColumnProxySqlServerv2k5" name="codigo_distrito" id="E75566B6-CB32-8628-38EA-CA8BBE718C46">
<createdBy>USUARIO</createdBy>
<createdTime>2024-06-29 00:58:31 UTC</createdTime>
<ownerDesignName>ModeloRelacional</ownerDesignName>
</ColumnProxy>
</columnProxies>
<foreignKeys>
<ForeignKey class="oracle.dbtools.crest.model.design.storage.sqlserver.v2k5.FKProxySqlServerv2k5" name="distritos_parroquias_FK" id="7908ADC8-B82A-9888-4D87-67111F9671F3">
<createdBy>USUARIO</createdBy>
<createdTime>2024-06-29 01:07:50 UTC</createdTime>
<ownerDesignName>ModeloRelacional</ownerDesignName>
</ForeignKey>
</foreignKeys>
<primaryKeys>
<PrimaryKey class="oracle.dbtools.crest.model.design.storage.sqlserver.v2k5.PKProxySqlServerv2k5" name="distritos_pk" id="1EAA8C5E-6FFF-26C8-D766-E1D9480428FA">
<createdBy>USUARIO</createdBy>
<createdTime>2024-06-29 00:58:31 UTC</createdTime>
<ownerDesignName>ModeloRelacional</ownerDesignName>
</PrimaryKey>
</primaryKeys>
</TableProxySqlServerv2k5>