<?xml version = '1.0' encoding = 'UTF-8'?>
<DomainFile class="oracle.dbtools.crest.model.design.DomainFileWrapper" fileName="Sin título_1_Domains">
<domains>
<Domain class="oracle.dbtools.crest.model.design.Domain" name="VARCHAR_0_0_30" id="047C3250-3752-5A97-AD91-789C91AF2451">
<createdBy>USUARIO</createdBy>
<createdTime>2024-06-29 00:58:31 UTC</createdTime>
<ownerDesignName>ModeloRelacional</ownerDesignName>
<avTSortOrder>0</avTSortOrder>
<dataTypePrecision>0</dataTypePrecision>
<dataTypeScale>0</dataTypeScale>
<dataTypeSize>30</dataTypeSize>
<fileName>Sin título_1_Domains</fileName>
<logicalDatatype>LOGDT024</logicalDatatype>
</Domain>
<Domain class="oracle.dbtools.crest.model.design.Domain" name="CHAR_0_0_1" id="139F11DA-CDF6-280D-A0D4-89B6B7991CDC">
<createdBy>USUARIO</createdBy>
<createdTime>2024-06-29 00:58:31 UTC</createdTime>
<ownerDesignName>ModeloRelacional</ownerDesignName>
<avTSortOrder>0</avTSortOrder>
<dataTypePrecision>0</dataTypePrecision>
<dataTypeScale>0</dataTypeScale>
<dataTypeSize>1</dataTypeSize>
<fileName>Sin título_1_Domains</fileName>
<logicalDatatype>LOGDT025</logicalDatatype>
</Domain>
<Domain class="oracle.dbtools.crest.model.design.Domain" name="Date_0_0_0" id="2829093E-9ABA-50BE-EE23-DC30ABC1AF6A">
<createdBy>USUARIO</createdBy>
<createdTime>2024-06-29 00:58:31 UTC</createdTime>
<ownerDesignName>ModeloRelacional</ownerDesignName>
<avTSortOrder>0</avTSortOrder>
<fileName>Sin título_1_Domains</fileName>
<logicalDatatype>LOGDT007</logicalDatatype>
</Domain>
<Domain class="oracle.dbtools.crest.model.design.Domain" name="VARCHAR_0_0_20" id="2EA57FAB-263B-485E-4570-9C8360800DE7">
<createdBy>USUARIO</createdBy>
<createdTime>2024-06-29 00:58:31 UTC</createdTime>
<ownerDesignName>ModeloRelacional</ownerDesignName>
<avTSortOrder>0</avTSortOrder>
<dataTypePrecision>0</dataTypePrecision>
<dataTypeScale>0</dataTypeScale>
<dataTypeSize>20</dataTypeSize>
<fileName>Sin título_1_Domains</fileName>
<logicalDatatype>LOGDT024</logicalDatatype>
</Domain>
<Domain class="oracle.dbtools.crest.model.design.Domain" name="Integer_0_0_0" id="32A7C830-CCB8-9CCA-E8E8-28DF8E3A0AC3">
<createdBy>USUARIO</createdBy>
<createdTime>2024-06-29 00:58:31 UTC</createdTime>
<ownerDesignName>ModeloRelacional</ownerDesignName>
<avTSortOrder>0</avTSortOrder>
<fileName>Sin título_1_Domains</fileName>
<logicalDatatype>LOGDT011</logicalDatatype>
</Domain>
<Domain class="oracle.dbtools.crest.model.design.Domain" name="VARCHAR_0_0_50" id="374831D1-C659-32BD-5AB1-B52B648874E3">
<createdBy>USUARIO</createdBy>
<createdTime>2024-06-29 00:58:31 UTC</createdTime>
<ownerDesignName>ModeloRelacional</ownerDesignName>
<avTSortOrder>0</avTSortOrder>
<dataTypePrecision>0</dataTypePrecision>
<dataTypeScale>0</dataTypeScale>
<dataTypeSize>50</dataTypeSize>
<fileName>Sin título_1_Domains</fileName>
<logicalDatatype>LOGDT024</logicalDatatype>
</Domain>
<Domain class="oracle.dbtools.crest.model.design.Domain" name="unknown_0_0_0" id="42480A1C-483D-223A-D2C3-304180163799">
<createdBy>USUARIO</createdBy>
<createdTime>2024-06-29 00:58:31 UTC</createdTime>
<ownerDesignName>ModeloRelacional</ownerDesignName>
<avTSortOrder>0</avTSortOrder>
<fileName>Sin título_1_Domains</fileName>
<logicalDatatype>LOGDT017</logicalDatatype>
</Domain>
<Domain class="oracle.dbtools.crest.model.design.Domain" name="CHAR_0_0_2" id="4F4506EE-0ADF-80A0-626B-79D042FD9B7B">
<createdBy>USUARIO</createdBy>
<createdTime>2024-06-29 00:58:31 UTC</createdTime>
<ownerDesignName>ModeloRelacional</ownerDesignName>
<avTSortOrder>0</avTSortOrder>
<dataTypePrecision>0</dataTypePrecision>
<dataTypeScale>0</dataTypeScale>
<dataTypeSize>2</dataTypeSize>
<fileName>Sin título_1_Domains</fileName>
<logicalDatatype>LOGDT025</logicalDatatype>
</Domain>
<Domain class="oracle.dbtools.crest.model.design.Domain" name="VARCHAR_0_0_500" id="5A090E83-8AED-1D87-9B90-E20F95FF6D81">
<createdBy>USUARIO</createdBy>
<createdTime>2024-06-29 00:58:31 UTC</createdTime>
<ownerDesignName>ModeloRelacional</ownerDesignName>
<avTSortOrder>0</avTSortOrder>
<dataTypePrecision>0</dataTypePrecision>
<dataTypeScale>0</dataTypeScale>
<dataTypeSize>500</dataTypeSize>
<fileName>Sin título_1_Domains</fileName>
<logicalDatatype>LOGDT024</logicalDatatype>
</Domain>
<Domain class="oracle.dbtools.crest.model.design.Domain" name="VARCHAR_0_0_100" id="A476FF44-B44A-AFAF-E411-C8F403E8A8DF">
<createdBy>USUARIO</createdBy>
<createdTime>2024-06-29 00:58:31 UTC</createdTime>
<ownerDesignName>ModeloRelacional</ownerDesignName>
<avTSortOrder>0</avTSortOrder>
<dataTypePrecision>0</dataTypePrecision>
<dataTypeScale>0</dataTypeScale>
<dataTypeSize>100</dataTypeSize>
<fileName>Sin título_1_Domains</fileName>
<logicalDatatype>LOGDT024</logicalDatatype>
</Domain>
<Domain class="oracle.dbtools.crest.model.design.Domain" name="VARCHAR_0_0_15" id="A7962538-7BB4-5AC3-A812-5E4EA7F19EFC">
<createdBy>USUARIO</createdBy>
<createdTime>2024-06-29 00:58:31 UTC</createdTime>
<ownerDesignName>ModeloRelacional</ownerDesignName>
<avTSortOrder>0</avTSortOrder>
<dataTypePrecision>0</dataTypePrecision>
<dataTypeScale>0</dataTypeScale>
<dataTypeSize>15</dataTypeSize>
<fileName>Sin título_1_Domains</fileName>
<logicalDatatype>LOGDT024</logicalDatatype>
</Domain>
<Domain class="oracle.dbtools.crest.model.design.Domain" name="VARCHAR_0_0_300" id="DDF07A0D-9996-0CDB-C35D-2B141013BEBA">
<createdBy>USUARIO</createdBy>
<createdTime>2024-06-29 00:58:31 UTC</createdTime>
<ownerDesignName>ModeloRelacional</ownerDesignName>
<avTSortOrder>0</avTSortOrder>
<dataTypePrecision>0</dataTypePrecision>
<dataTypeScale>0</dataTypeScale>
<dataTypeSize>300</dataTypeSize>
<fileName>Sin título_1_Domains</fileName>
<logicalDatatype>LOGDT024</logicalDatatype>
</Domain>
<Domain class="oracle.dbtools.crest.model.design.Domain" name="CHAR_0_0_3" id="E1E6775B-D6C9-79C7-B854-51C38B7C0271">
<createdBy>USUARIO</createdBy>
<createdTime>2024-06-29 00:58:31 UTC</createdTime>
<ownerDesignName>ModeloRelacional</ownerDesignName>
<avTSortOrder>0</avTSortOrder>
<dataTypePrecision>0</dataTypePrecision>
<dataTypeScale>0</dataTypeScale>
<dataTypeSize>3</dataTypeSize>
<fileName>Sin título_1_Domains</fileName>
<logicalDatatype>LOGDT025</logicalDatatype>
</Domain>
<Domain class="oracle.dbtools.crest.model.design.Domain" name="VARCHAR_0_0_10" id="F6C8DD1E-8499-7579-A34B-2B728CCAC121">
<createdBy>USUARIO</createdBy>
<createdTime>2024-06-29 00:58:31 UTC</createdTime>
<ownerDesignName>ModeloRelacional</ownerDesignName>
<avTSortOrder>0</avTSortOrder>
<dataTypePrecision>0</dataTypePrecision>
<dataTypeScale>0</dataTypeScale>
<dataTypeSize>10</dataTypeSize>
<fileName>Sin título_1_Domains</fileName>
<logicalDatatype>LOGDT024</logicalDatatype>
</Domain>
</domains>
</DomainFile>