<?xml version = '1.0' encoding = 'UTF-8'?>
<Table class="oracle.dbtools.crest.model.design.relational.Table" directorySegmentName="seg_0" id="07C47604-3B42-E105-82FC-96479EF90FB3" name="personas">
<sourceDDLFile>Scrip.ddl</sourceDDLFile>
<createdBy>USUARIO</createdBy>
<createdTime>2024-06-29 00:58:31 UTC</createdTime>
<ownerDesignName>ModeloRelacional</ownerDesignName>
<allowColumnReorder>false</allowColumnReorder>
<existDependencyGenerateInDDl>true</existDependencyGenerateInDDl>
<parsed>true</parsed>
<columns itemClass="oracle.dbtools.crest.model.design.relational.Column">
<Column name="id_personas" id="426EA353-C151-62A8-B9DD-4C9594D74652">
<sourceDDLFile>Scrip.ddl</sourceDDLFile>
<createdBy>USUARIO</createdBy>
<createdTime>2024-06-29 00:58:31 UTC</createdTime>
<ownerDesignName>ModeloRelacional</ownerDesignName>
<use>0</use>
<logicalDatatype>LOGDT011</logicalDatatype>
<domain>32A7C830-CCB8-9CCA-E8E8-28DF8E3A0AC3</domain>
<ownDataTypeParameters>,,</ownDataTypeParameters>
<autoIncrementCycle>false</autoIncrementCycle>
</Column>
<Column name="tipo" id="1D75A366-BF77-C0D6-0406-910586A1DACE">
<sourceDDLFile>Scrip.ddl</sourceDDLFile>
<createdBy>USUARIO</createdBy>
<createdTime>2024-06-29 00:58:31 UTC</createdTime>
<ownerDesignName>ModeloRelacional</ownerDesignName>
<nullsAllowed>true</nullsAllowed>
<use>0</use>
<logicalDatatype>LOGDT024</logicalDatatype>
<domain>2EA57FAB-263B-485E-4570-9C8360800DE7</domain>
<ownDataTypeParameters>,,</ownDataTypeParameters>
<autoIncrementCycle>false</autoIncrementCycle>
</Column>
<Column name="edad" id="BDAFCD68-2A76-42E5-8327-560BFC664DD7">
<sourceDDLFile>Scrip.ddl</sourceDDLFile>
<createdBy>USUARIO</createdBy>
<createdTime>2024-06-29 00:58:31 UTC</createdTime>
<ownerDesignName>ModeloRelacional</ownerDesignName>
<use>0</use>
<logicalDatatype>LOGDT011</logicalDatatype>
<domain>32A7C830-CCB8-9CCA-E8E8-28DF8E3A0AC3</domain>
<ownDataTypeParameters>,,</ownDataTypeParameters>
<autoIncrementCycle>false</autoIncrementCycle>
</Column>
<Column name="sexo" id="AA690C0A-5850-BBB7-4A93-D349603D2538">
<sourceDDLFile>Scrip.ddl</sourceDDLFile>
<createdBy>USUARIO</createdBy>
<createdTime>2024-06-29 00:58:31 UTC</createdTime>
<ownerDesignName>ModeloRelacional</ownerDesignName>
<use>0</use>
<logicalDatatype>LOGDT025</logicalDatatype>
<domain>139F11DA-CDF6-280D-A0D4-89B6B7991CDC</domain>
<ownDataTypeParameters>,,</ownDataTypeParameters>
<autoIncrementCycle>false</autoIncrementCycle>
</Column>
<Column name="nacionalidad" id="1858EC86-5F78-A20D-F7CC-83B629011916">
<sourceDDLFile>Scrip.ddl</sourceDDLFile>
<createdBy>USUARIO</createdBy>
<createdTime>2024-06-29 00:58:31 UTC</createdTime>
<ownerDesignName>ModeloRelacional</ownerDesignName>
<use>0</use>
<logicalDatatype>LOGDT024</logicalDatatype>
<domain>374831D1-C659-32BD-5AB1-B52B648874E3</domain>
<ownDataTypeParameters>,,</ownDataTypeParameters>
<autoIncrementCycle>false</autoIncrementCycle>
</Column>
<Column name="autoidentificacion_etnica" id="A68BEA67-E3D6-9618-6316-27B28043FB7E">
<sourceDDLFile>Scrip.ddl</sourceDDLFile>
<createdBy>USUARIO</createdBy>
<createdTime>2024-06-29 00:58:31 UTC</createdTime>
<ownerDesignName>ModeloRelacional</ownerDesignName>
<nullsAllowed>true</nullsAllowed>
<use>0</use>
<logicalDatatype>LOGDT024</logicalDatatype>
<domain>A476FF44-B44A-AFAF-E411-C8F403E8A8DF</domain>
<ownDataTypeParameters>,,</ownDataTypeParameters>
<autoIncrementCycle>false</autoIncrementCycle>
</Column>
<Column name="numero_detenciones" id="3A32CB75-F491-179E-32AD-177E86F1FD83">
<sourceDDLFile>Scrip.ddl</sourceDDLFile>
<createdBy>USUARIO</createdBy>
<createdTime>2024-06-29 00:58:31 UTC</createdTime>
<ownerDesignName>ModeloRelacional</ownerDesignName>
<nullsAllowed>true</nullsAllowed>
<use>0</use>
<logicalDatatype>LOGDT011</logicalDatatype>
<domain>32A7C830-CCB8-9CCA-E8E8-28DF8E3A0AC3</domain>
<ownDataTypeParameters>,,</ownDataTypeParameters>
<autoIncrementCycle>false</autoIncrementCycle>
</Column>
<Column name="estado_civil" id="CD329017-6F98-BD54-B088-60AAA0B014E6">
<sourceDDLFile>Scrip.ddl</sourceDDLFile>
<createdBy>USUARIO</createdBy>
<createdTime>2024-06-29 00:58:31 UTC</createdTime>
<ownerDesignName>ModeloRelacional</ownerDesignName>
<nullsAllowed>true</nullsAllowed>
<use>0</use>
<logicalDatatype>LOGDT024</logicalDatatype>
<domain>374831D1-C659-32BD-5AB1-B52B648874E3</domain>
<ownDataTypeParameters>,,</ownDataTypeParameters>
<autoIncrementCycle>false</autoIncrementCycle>
</Column>
<Column name="estatus_migratorio" id="4A4070D5-F6B4-6BC2-E1CA-7D224D7A8191">
<sourceDDLFile>Scrip.ddl</sourceDDLFile>
<createdBy>USUARIO</createdBy>
<createdTime>2024-06-29 00:58:31 UTC</createdTime>
<ownerDesignName>ModeloRelacional</ownerDesignName>
<nullsAllowed>true</nullsAllowed>
<use>0</use>
<domain>42480A1C-483D-223A-D2C3-304180163799</domain>
<ownDataTypeParameters>,,</ownDataTypeParameters>
<autoIncrementCycle>false</autoIncrementCycle>
</Column>
<Column name="nivel_de_instruccion" id="4C54E170-9513-8E2F-D76F-A60F84C8B7FF">
<sourceDDLFile>Scrip.ddl</sourceDDLFile>
<createdBy>USUARIO</createdBy>
<createdTime>2024-06-29 00:58:31 UTC</createdTime>
<ownerDesignName>ModeloRelacional</ownerDesignName>
<nullsAllowed>true</nullsAllowed>
<use>0</use>
<logicalDatatype>LOGDT024</logicalDatatype>
<domain>A476FF44-B44A-AFAF-E411-C8F403E8A8DF</domain>
<ownDataTypeParameters>,,</ownDataTypeParameters>
<autoIncrementCycle>false</autoIncrementCycle>
</Column>
<Column name="condicion" id="B5FCF3F0-6639-6248-3156-71A8751E0756">
<sourceDDLFile>Scrip.ddl</sourceDDLFile>
<createdBy>USUARIO</createdBy>
<createdTime>2024-06-29 00:58:31 UTC</createdTime>
<ownerDesignName>ModeloRelacional</ownerDesignName>
<nullsAllowed>true</nullsAllowed>
<use>0</use>
<logicalDatatype>LOGDT024</logicalDatatype>
<domain>DDF07A0D-9996-0CDB-C35D-2B141013BEBA</domain>
<ownDataTypeParameters>,,</ownDataTypeParameters>
<autoIncrementCycle>false</autoIncrementCycle>
</Column>
</columns>
<indexes itemClass="oracle.dbtools.crest.model.design.relational.Index">
<ind_PK_UK id="7B9C229C-E883-BD79-7D09-3CABCDD252B3" name="personas_pk">
<sourceDDLFile>Scrip.ddl</sourceDDLFile>
<createdBy>USUARIO</createdBy>
<createdTime>2024-06-29 00:58:31 UTC</createdTime>
<ownerDesignName>ModeloRelacional</ownerDesignName>
<pk>true</pk>
<indexState>Primary Constraint</indexState>
<isSurrogateKey>false</isSurrogateKey>
<indexColumnUsage>
<colUsage columnID="426EA353-C151-62A8-B9DD-4C9594D74652"/>
</indexColumnUsage>
</ind_PK_UK>
</indexes>
</Table>