<?xml version = '1.0' encoding = 'UTF-8'?>
<Table class="oracle.dbtools.crest.model.design.relational.Table" directorySegmentName="seg_0" id="2D26F1F2-915A-CC58-A1E9-458F81C61157" name="proviencias">
<sourceDDLFile>Scrip.ddl</sourceDDLFile>
<createdBy>USUARIO</createdBy>
<createdTime>2024-06-29 00:58:31 UTC</createdTime>
<ownerDesignName>ModeloRelacional</ownerDesignName>
<allowColumnReorder>false</allowColumnReorder>
<existDependencyGenerateInDDl>true</existDependencyGenerateInDDl>
<parsed>true</parsed>
<columns itemClass="oracle.dbtools.crest.model.design.relational.Column">
<Column name="codigo_provincia" id="482819A0-B7CF-D817-4CAF-2A8D39FA0BFB">
<sourceDDLFile>Scrip.ddl</sourceDDLFile>
<createdBy>USUARIO</createdBy>
<createdTime>2024-06-29 00:58:31 UTC</createdTime>
<ownerDesignName>ModeloRelacional</ownerDesignName>
<use>0</use>
<logicalDatatype>LOGDT011</logicalDatatype>
<domain>32A7C830-CCB8-9CCA-E8E8-28DF8E3A0AC3</domain>
<ownDataTypeParameters>,,</ownDataTypeParameters>
<autoIncrementCycle>false</autoIncrementCycle>
</Column>
<Column name="nombre_proviencia" id="F199E3A5-097C-6008-574E-318B5302DC60">
<sourceDDLFile>Scrip.ddl</sourceDDLFile>
<createdBy>USUARIO</createdBy>
<createdTime>2024-06-29 00:58:31 UTC</createdTime>
<ownerDesignName>ModeloRelacional</ownerDesignName>
<use>0</use>
<logicalDatatype>LOGDT024</logicalDatatype>
<domain>374831D1-C659-32BD-5AB1-B52B648874E3</domain>
<ownDataTypeParameters>,,</ownDataTypeParameters>
<autoIncrementCycle>false</autoIncrementCycle>
</Column>
<Column name="poblacion" id="DDB06095-9FC2-D206-B58E-3BD79956A2E9">
<createdBy>USUARIO</createdBy>
<createdTime>2024-06-29 01:16:17 UTC</createdTime>
<ownerDesignName>ModeloRelacional</ownerDesignName>
<useDomainConstraints>false</useDomainConstraints>
<use>1</use>
<logicalDatatype>LOGDT011</logicalDatatype>
<ownDataTypeParameters>,,</ownDataTypeParameters>
<autoIncrementCycle>false</autoIncrementCycle>
</Column>
</columns>
<indexes itemClass="oracle.dbtools.crest.model.design.relational.Index">
<ind_PK_UK id="8259FF69-8C09-B441-6BE2-D43BDFB15B83" name="proviencias_pk">
<sourceDDLFile>Scrip.ddl</sourceDDLFile>
<createdBy>USUARIO</createdBy>
<createdTime>2024-06-29 00:58:31 UTC</createdTime>
<ownerDesignName>ModeloRelacional</ownerDesignName>
<pk>true</pk>
<indexState>Primary Constraint</indexState>
<isSurrogateKey>false</isSurrogateKey>
<indexColumnUsage>
<colUsage columnID="482819A0-B7CF-D817-4CAF-2A8D39FA0BFB"/>
</indexColumnUsage>
</ind_PK_UK>
</indexes>
</Table>