<?xml version = '1.0' encoding = 'UTF-8'?>
<Table class="oracle.dbtools.crest.model.design.relational.Table" directorySegmentName="seg_0" id="793E8D3C-723C-A782-3764-1D77AEE18E56" name="parroquias">
<sourceDDLFile>Scrip.ddl</sourceDDLFile>
<createdBy>USUARIO</createdBy>
<createdTime>2024-06-29 00:58:31 UTC</createdTime>
<ownerDesignName>ModeloRelacional</ownerDesignName>
<allowColumnReorder>false</allowColumnReorder>
<existDependencyGenerateInDDl>true</existDependencyGenerateInDDl>
<parsed>true</parsed>
<columns itemClass="oracle.dbtools.crest.model.design.relational.Column">
<Column name="codigo_parroquia" id="5B369282-ABA3-D0B9-2906-DD16A713A462">
<sourceDDLFile>Scrip.ddl</sourceDDLFile>
<createdBy>USUARIO</createdBy>
<createdTime>2024-06-29 00:58:31 UTC</createdTime>
<ownerDesignName>ModeloRelacional</ownerDesignName>
<use>0</use>
<logicalDatatype>LOGDT011</logicalDatatype>
<domain>32A7C830-CCB8-9CCA-E8E8-28DF8E3A0AC3</domain>
<ownDataTypeParameters>,,</ownDataTypeParameters>
<autoIncrementCycle>false</autoIncrementCycle>
</Column>
<Column name="nombre_parroquia" id="12DE103A-BB3A-7D35-4C8B-3ADAB222D324">
<sourceDDLFile>Scrip.ddl</sourceDDLFile>
<createdBy>USUARIO</createdBy>
<createdTime>2024-06-29 00:58:31 UTC</createdTime>
<ownerDesignName>ModeloRelacional</ownerDesignName>
<nullsAllowed>true</nullsAllowed>
<use>0</use>
<logicalDatatype>LOGDT024</logicalDatatype>
<domain>374831D1-C659-32BD-5AB1-B52B648874E3</domain>
<ownDataTypeParameters>,,</ownDataTypeParameters>
<autoIncrementCycle>false</autoIncrementCycle>
</Column>
<Column name="Cantones_codigo_canton" id="1865F49C-598F-ACBE-99E6-F05168B30F18">
<sourceDDLFile>Scrip.ddl</sourceDDLFile>
<createdBy>USUARIO</createdBy>
<createdTime>2024-06-29 00:58:31 UTC</createdTime>
<ownerDesignName>ModeloRelacional</ownerDesignName>
<use>0</use>
<logicalDatatype>LOGDT011</logicalDatatype>
<domain>32A7C830-CCB8-9CCA-E8E8-28DF8E3A0AC3</domain>
<ownDataTypeParameters>,,</ownDataTypeParameters>
<autoIncrementCycle>false</autoIncrementCycle>
<associations>
<colAssociation fkAssociation="333E78B0-46A7-F26E-6770-B7E35782109A" referredColumn="634EB25D-5363-F827-9AE0-0AA689B7DB31"/>
</associations>
</Column>
</columns>
<indexes itemClass="oracle.dbtools.crest.model.design.relational.Index">
<ind_PK_UK id="FADD0DB9-AC4A-5700-8619-BCCECD0BA6F9" name="parroquias_pk">
<sourceDDLFile>Scrip.ddl</sourceDDLFile>
<createdBy>USUARIO</createdBy>
<createdTime>2024-06-29 00:58:31 UTC</createdTime>
<ownerDesignName>ModeloRelacional</ownerDesignName>
<pk>true</pk>
<indexState>Primary Constraint</indexState>
<isSurrogateKey>false</isSurrogateKey>
<indexColumnUsage>
<colUsage columnID="5B369282-ABA3-D0B9-2906-DD16A713A462"/>
</indexColumnUsage>
</ind_PK_UK>
<ind_PK_UK id="90E1347C-740D-51EA-AA77-F0C9C48D6A44" name="parroquias_cantones_FK">
<createdBy>USUARIO</createdBy>
<createdTime>2024-06-29 01:06:41 UTC</createdTime>
<ownerDesignName>ModeloRelacional</ownerDesignName>
<indexState>Foreign Key</indexState>
<isSurrogateKey>false</isSurrogateKey>
<indexColumnUsage>
<colUsage columnID="1865F49C-598F-ACBE-99E6-F05168B30F18"/>
</indexColumnUsage>
</ind_PK_UK>
</indexes>
</Table>