<?xml version = '1.0' encoding = 'UTF-8'?>
<Table class="oracle.dbtools.crest.model.design.relational.Table" directorySegmentName="seg_0" id="886D6C8A-BD9C-92A8-2598-AEAD3EE1DB5B" name="cantones">
<sourceDDLFile>Scrip.ddl</sourceDDLFile>
<createdBy>USUARIO</createdBy>
<createdTime>2024-06-29 00:58:31 UTC</createdTime>
<ownerDesignName>ModeloRelacional</ownerDesignName>
<allowColumnReorder>false</allowColumnReorder>
<existDependencyGenerateInDDl>true</existDependencyGenerateInDDl>
<parsed>true</parsed>
<columns itemClass="oracle.dbtools.crest.model.design.relational.Column">
<Column name="codigo_canton" id="634EB25D-5363-F827-9AE0-0AA689B7DB31">
<sourceDDLFile>Scrip.ddl</sourceDDLFile>
<createdBy>USUARIO</createdBy>
<createdTime>2024-06-29 00:58:31 UTC</createdTime>
<ownerDesignName>ModeloRelacional</ownerDesignName>
<use>0</use>
<logicalDatatype>LOGDT011</logicalDatatype>
<domain>32A7C830-CCB8-9CCA-E8E8-28DF8E3A0AC3</domain>
<ownDataTypeParameters>,,</ownDataTypeParameters>
<autoIncrementCycle>false</autoIncrementCycle>
</Column>
<Column name="nombre_canton" id="B2ABE0AA-0C94-0F93-B78F-0361DA3DB79F">
<sourceDDLFile>Scrip.ddl</sourceDDLFile>
<createdBy>USUARIO</createdBy>
<createdTime>2024-06-29 00:58:31 UTC</createdTime>
<ownerDesignName>ModeloRelacional</ownerDesignName>
<use>0</use>
<logicalDatatype>LOGDT024</logicalDatatype>
<domain>374831D1-C659-32BD-5AB1-B52B648874E3</domain>
<ownDataTypeParameters>,,</ownDataTypeParameters>
<autoIncrementCycle>false</autoIncrementCycle>
</Column>
<Column name="proviencias_codigo_provincia" id="A180545C-E4B9-459F-E604-C5D78E6E6BE3">
<sourceDDLFile>Scrip.ddl</sourceDDLFile>
<createdBy>USUARIO</createdBy>
<createdTime>2024-06-29 00:58:31 UTC</createdTime>
<ownerDesignName>ModeloRelacional</ownerDesignName>
<use>0</use>
<logicalDatatype>LOGDT011</logicalDatatype>
<domain>32A7C830-CCB8-9CCA-E8E8-28DF8E3A0AC3</domain>
<ownDataTypeParameters>,,</ownDataTypeParameters>
<autoIncrementCycle>false</autoIncrementCycle>
<associations>
<colAssociation fkAssociation="604E3B52-72DF-B503-D5DE-C7E303F44825" referredColumn="482819A0-B7CF-D817-4CAF-2A8D39FA0BFB"/>
</associations>
</Column>
<Column name="detenciones_id_detencion" id="6497B3A5-E4F2-6D6A-2528-EC69E9F75109">
<createdBy>USUARIO</createdBy>
<createdTime>2024-06-29 01:04:22 UTC</createdTime>
<ownerDesignName>ModeloRelacional</ownerDesignName>
<use>0</use>
<logicalDatatype>LOGDT011</logicalDatatype>
<domain>32A7C830-CCB8-9CCA-E8E8-28DF8E3A0AC3</domain>
<ownDataTypeParameters>,,</ownDataTypeParameters>
<previousColumn>false</previousColumn>
<autoIncrementCycle>false</autoIncrementCycle>
<associations>
<colAssociation fkAssociation="AA43F1EC-BEF2-0AC9-6F48-C400B0AC636D" referredColumn="08ACC0A3-DD46-4301-8B83-08C8AAA9C896"/>
</associations>
</Column>
</columns>
<indexes itemClass="oracle.dbtools.crest.model.design.relational.Index">
<ind_PK_UK id="B69B5DAE-8B81-3248-FC5D-88C5C86C5883" name="cantones_pk">
<sourceDDLFile>Scrip.ddl</sourceDDLFile>
<createdBy>USUARIO</createdBy>
<createdTime>2024-06-29 00:58:31 UTC</createdTime>
<ownerDesignName>ModeloRelacional</ownerDesignName>
<pk>true</pk>
<indexState>Primary Constraint</indexState>
<isSurrogateKey>false</isSurrogateKey>
<indexColumnUsage>
<colUsage columnID="634EB25D-5363-F827-9AE0-0AA689B7DB31"/>
</indexColumnUsage>
</ind_PK_UK>
<ind_PK_UK id="2ABCC11C-5EF7-BE31-A5A1-888AFED27E7E" name="cantones_proviencias_fk">
<createdBy>USUARIO</createdBy>
<createdTime>2024-06-29 00:58:31 UTC</createdTime>
<ownerDesignName>ModeloRelacional</ownerDesignName>
<indexState>Foreign Key</indexState>
<isSurrogateKey>false</isSurrogateKey>
<indexColumnUsage>
<colUsage columnID="A180545C-E4B9-459F-E604-C5D78E6E6BE3"/>
</indexColumnUsage>
</ind_PK_UK>
<ind_PK_UK id="BA827E61-D64E-FFFB-DC55-49A37D126CC3" name="cantones_detenciones_FK">
<createdBy>USUARIO</createdBy>
<createdTime>2024-06-29 01:04:22 UTC</createdTime>
<ownerDesignName>ModeloRelacional</ownerDesignName>
<indexState>Foreign Key</indexState>
<isSurrogateKey>false</isSurrogateKey>
<indexColumnUsage>
<colUsage columnID="6497B3A5-E4F2-6D6A-2528-EC69E9F75109"/>
</indexColumnUsage>
</ind_PK_UK>
</indexes>
</Table>