<?xml version = '1.0' encoding = 'UTF-8'?>
<Table class="oracle.dbtools.crest.model.design.relational.Table" directorySegmentName="seg_0" id="D6B55A0A-49E0-9842-CAAB-602B57EE3EE2" name="circuitos">
<sourceDDLFile>Scrip.ddl</sourceDDLFile>
<createdBy>USUARIO</createdBy>
<createdTime>2024-06-29 00:58:31 UTC</createdTime>
<ownerDesignName>ModeloRelacional</ownerDesignName>
<allowColumnReorder>false</allowColumnReorder>
<existDependencyGenerateInDDl>true</existDependencyGenerateInDDl>
<parsed>true</parsed>
<columns itemClass="oracle.dbtools.crest.model.design.relational.Column">
<Column name="codigo_circuito" id="6A5B0A0C-C5BC-5C44-1168-6055C2467109">
<sourceDDLFile>Scrip.ddl</sourceDDLFile>
<createdBy>USUARIO</createdBy>
<createdTime>2024-06-29 00:58:31 UTC</createdTime>
<ownerDesignName>ModeloRelacional</ownerDesignName>
<use>0</use>
<logicalDatatype>LOGDT024</logicalDatatype>
<domain>2EA57FAB-263B-485E-4570-9C8360800DE7</domain>
<ownDataTypeParameters>,,</ownDataTypeParameters>
<autoIncrementCycle>false</autoIncrementCycle>
</Column>
<Column name="nombre_circuito" id="4774756D-589A-761E-0B5E-523F82BAF43C">
<sourceDDLFile>Scrip.ddl</sourceDDLFile>
<createdBy>USUARIO</createdBy>
<createdTime>2024-06-29 00:58:31 UTC</createdTime>
<ownerDesignName>ModeloRelacional</ownerDesignName>
<nullsAllowed>true</nullsAllowed>
<use>0</use>
<logicalDatatype>LOGDT024</logicalDatatype>
<domain>374831D1-C659-32BD-5AB1-B52B648874E3</domain>
<ownDataTypeParameters>,,</ownDataTypeParameters>
<autoIncrementCycle>false</autoIncrementCycle>
</Column>
<Column name="Distritos_codigo_distrito" id="56193E66-1F4C-3AD1-B4AB-5D2F5C4CFAEF">
<sourceDDLFile>Scrip.ddl</sourceDDLFile>
<createdBy>USUARIO</createdBy>
<createdTime>2024-06-29 00:58:31 UTC</createdTime>
<ownerDesignName>ModeloRelacional</ownerDesignName>
<use>0</use>
<logicalDatatype>LOGDT024</logicalDatatype>
<domain>F6C8DD1E-8499-7579-A34B-2B728CCAC121</domain>
<ownDataTypeParameters>,,</ownDataTypeParameters>
<autoIncrementCycle>false</autoIncrementCycle>
</Column>
<Column name="distritos_codigo_distrito1" id="FD28D1FD-E072-36C0-05EB-D6AFDA633B01">
<createdBy>USUARIO</createdBy>
<createdTime>2024-06-29 01:08:12 UTC</createdTime>
<ownerDesignName>ModeloRelacional</ownerDesignName>
<use>0</use>
<logicalDatatype>LOGDT024</logicalDatatype>
<domain>F6C8DD1E-8499-7579-A34B-2B728CCAC121</domain>
<ownDataTypeParameters>,,</ownDataTypeParameters>
<previousColumn>false</previousColumn>
<autoIncrementCycle>false</autoIncrementCycle>
<associations>
<colAssociation fkAssociation="101D8A8F-1036-9A08-ADB8-4B06AC95D2AB" referredColumn="E75566B6-CB32-8628-38EA-CA8BBE718C46"/>
</associations>
</Column>
</columns>
<indexes itemClass="oracle.dbtools.crest.model.design.relational.Index">
<ind_PK_UK id="875D57B4-849E-F60A-A168-2750B503C107" name="circuitos_pk">
<sourceDDLFile>Scrip.ddl</sourceDDLFile>
<createdBy>USUARIO</createdBy>
<createdTime>2024-06-29 00:58:31 UTC</createdTime>
<ownerDesignName>ModeloRelacional</ownerDesignName>
<pk>true</pk>
<indexState>Primary Constraint</indexState>
<isSurrogateKey>false</isSurrogateKey>
<indexColumnUsage>
<colUsage columnID="6A5B0A0C-C5BC-5C44-1168-6055C2467109"/>
</indexColumnUsage>
</ind_PK_UK>
<ind_PK_UK id="E4150C7C-A763-A2BC-402B-63AB6376BAA1" name="circuitos_distritos_FK">
<createdBy>USUARIO</createdBy>
<createdTime>2024-06-29 01:08:12 UTC</createdTime>
<ownerDesignName>ModeloRelacional</ownerDesignName>
<indexState>Foreign Key</indexState>
<isSurrogateKey>false</isSurrogateKey>
<indexColumnUsage>
<colUsage columnID="FD28D1FD-E072-36C0-05EB-D6AFDA633B01"/>
</indexColumnUsage>
</ind_PK_UK>
</indexes>
</Table>