<?xml version = '1.0' encoding = 'UTF-8'?>
<Diagram class="oracle.dbtools.crest.swingui.relational.DPVRelationalSubView" name="SCHEMA8" id="2E3C124E-079F-56F9-1C13-AC352D53C913">
<createdBy>USUARIO</createdBy>
<modifiedBy>USUARIO</modifiedBy>
<createdTime>2024-06-29 00:58:31 UTC</createdTime>
<autoRoute>false</autoRoute>
<boxInbox>true</boxInbox>
<showLegend>false</showLegend>
<showLabels>false</showLabels>
<showRelAttributes>false</showRelAttributes>
<gridEnabled>false</gridEnabled>
<showGrid>false</showGrid>
<diagramColor>-1</diagramColor>
<display>false</display>
<notation>1</notation>
<objectViews>
<OView class="oracle.dbtools.crest.swingui.relational.TVTable" oid="67ADF91B-1439-B80E-D85C-AC25A618A817" otype="Table" vid="43FB3663-7C0A-A3B3-2329-313F445AA6D8">
<hideElementsInCurrentOnly>false</hideElementsInCurrentOnly>
<bounds x="20" y="20" width="251" height="144"/>
</OView>
</objectViews>
</Diagram>