<?xml version = '1.0' encoding = 'UTF-8'?>
<Diagram class="oracle.dbtools.crest.swingui.relational.DPVRelational" name="Relational_1" id="40A7031E-C750-252A-0361-35AE1157763D">
<createdBy>USUARIO</createdBy>
<modifiedBy>USUARIO</modifiedBy>
<createdTime>2024-06-29 00:58:31 UTC</createdTime>
<autoRoute>false</autoRoute>
<boxInbox>true</boxInbox>
<showLegend>false</showLegend>
<showLabels>false</showLabels>
<showRelAttributes>false</showRelAttributes>
<gridEnabled>false</gridEnabled>
<showGrid>false</showGrid>
<diagramColor>-1</diagramColor>
<display>false</display>
<notation>1</notation>
<objectViews>
<OView class="oracle.dbtools.crest.swingui.relational.TVTable" oid="07C47604-3B42-E105-82FC-96479EF90FB3" otype="Table" vid="3C38024B-5A2B-2B23-18C8-4E49F8AEECE0">
<hideElementsInCurrentOnly>false</hideElementsInCurrentOnly>
<bounds x="43" y="23" width="282" height="208"/>
</OView>
<OView class="oracle.dbtools.crest.swingui.relational.TVTable" oid="174F190E-B6CB-3264-B8BA-53493EADEAD8" otype="Table" vid="BD4DB398-37A7-FB72-D104-4C1A272CCD81">
<hideElementsInCurrentOnly>false</hideElementsInCurrentOnly>
<bounds x="942" y="438" width="210" height="89"/>
</OView>
<OView class="oracle.dbtools.crest.swingui.relational.TVTable" oid="2D26F1F2-915A-CC58-A1E9-458F81C61157" otype="Table" vid="4877FC73-B90C-770A-06A5-646BDE378140">
<hideElementsInCurrentOnly>false</hideElementsInCurrentOnly>
<bounds x="69" y="330" width="221" height="97"/>
</OView>
<OView class="oracle.dbtools.crest.swingui.relational.TVTable" oid="67ADF91B-1439-B80E-D85C-AC25A618A817" otype="Table" vid="F63F9581-B30B-34DF-0A12-92237DF905C7">
<hideElementsInCurrentOnly>false</hideElementsInCurrentOnly>
<bounds x="1163" y="537" width="289" height="184"/>
</OView>
<OView class="oracle.dbtools.crest.swingui.relational.TVTable" oid="793E8D3C-723C-A782-3764-1D77AEE18E56" otype="Table" vid="082E75CE-8A5C-BBA4-8F5E-ECA7F5809EB3">
<hideElementsInCurrentOnly>false</hideElementsInCurrentOnly>
<bounds x="290" y="789" width="282" height="115"/>
</OView>
<OView class="oracle.dbtools.crest.swingui.relational.TVTable" oid="886D6C8A-BD9C-92A8-2598-AEAD3EE1DB5B" otype="Table" vid="20C2074B-B04C-1767-CEE5-8086F8EC467E">
<hideElementsInCurrentOnly>false</hideElementsInCurrentOnly>
<bounds x="60" y="552" width="340" height="143"/>
</OView>
<OView class="oracle.dbtools.crest.swingui.relational.TVTable" oid="AAC77594-FFFD-6019-4E83-C1E30203BBAD" otype="Table" vid="898319C2-2F02-1402-FE05-F820274D6FDF">
<hideElementsInCurrentOnly>false</hideElementsInCurrentOnly>
<bounds x="1044" y="33" width="280" height="298"/>
</OView>
<OView class="oracle.dbtools.crest.swingui.relational.TVTable" oid="D6B55A0A-49E0-9842-CAAB-602B57EE3EE2" otype="Table" vid="6EA9BD81-DAC6-4E6D-8540-3434AE2B5537">
<hideElementsInCurrentOnly>false</hideElementsInCurrentOnly>
<bounds x="1162" y="781" width="241" height="131"/>
</OView>
<OView class="oracle.dbtools.crest.swingui.relational.TVTable" oid="F9FE0295-0230-2BDB-3D6E-19E28698A51B" otype="Table" vid="AA489545-9C62-BA62-E181-5DAAE885E929">
<hideElementsInCurrentOnly>false</hideElementsInCurrentOnly>
<bounds x="680" y="783" width="299" height="117"/>
</OView>
</objectViews>
<connectors>
<Connector class="oracle.dbtools.crest.swingui.relational.TVFKRelation" oid="101D8A8F-1036-9A08-ADB8-4B06AC95D2AB" otype="FKIndexAssociation" vid_source="AA489545-9C62-BA62-E181-5DAAE885E929" vid_target="6EA9BD81-DAC6-4E6D-8540-3434AE2B5537">
<hideElementsInCurrentOnly>false</hideElementsInCurrentOnly>
<backgroundColor>-16777216</backgroundColor>
<lineWidth>1</lineWidth>
<points>
<point x="979" y="841"/>
<point x="1162" y="841"/>
</points>
</Connector>
<Connector class="oracle.dbtools.crest.swingui.relational.TVFKRelation" oid="333E78B0-46A7-F26E-6770-B7E35782109A" otype="FKIndexAssociation" vid_source="20C2074B-B04C-1767-CEE5-8086F8EC467E" vid_target="082E75CE-8A5C-BBA4-8F5E-ECA7F5809EB3">
<hideElementsInCurrentOnly>false</hideElementsInCurrentOnly>
<backgroundColor>-16777216</backgroundColor>
<lineWidth>1</lineWidth>
<points>
<point x="360" y="695"/>
<point x="360" y="789"/>
</points>
</Connector>
<Connector class="oracle.dbtools.crest.swingui.relational.TVFKRelation" oid="3F4359FF-7965-CADF-7DC3-13F77032839A" otype="FKIndexAssociation" vid_source="3C38024B-5A2B-2B23-18C8-4E49F8AEECE0" vid_target="898319C2-2F02-1402-FE05-F820274D6FDF">
<hideElementsInCurrentOnly>false</hideElementsInCurrentOnly>
<backgroundColor>-16777216</backgroundColor>
<lineWidth>1</lineWidth>
<points>
<point x="325" y="132"/>
<point x="1044" y="132"/>
</points>
</Connector>
<Connector class="oracle.dbtools.crest.swingui.relational.TVFKRelation" oid="4FCC2886-BF28-F467-9FD1-EC7AF3FA8363" otype="FKIndexAssociation" vid_source="BD4DB398-37A7-FB72-D104-4C1A272CCD81" vid_target="898319C2-2F02-1402-FE05-F820274D6FDF">
<hideElementsInCurrentOnly>false</hideElementsInCurrentOnly>
<backgroundColor>-16777216</backgroundColor>
<lineWidth>1</lineWidth>
<points>
<point x="1098" y="438"/>
<point x="1098" y="331"/>
</points>
</Connector>
<Connector class="oracle.dbtools.crest.swingui.relational.TVFKRelation" oid="5AF846D5-987E-7647-67C2-79196A4002DD" otype="FKIndexAssociation" vid_source="082E75CE-8A5C-BBA4-8F5E-ECA7F5809EB3" vid_target="AA489545-9C62-BA62-E181-5DAAE885E929">
<hideElementsInCurrentOnly>false</hideElementsInCurrentOnly>
<backgroundColor>-16777216</backgroundColor>
<lineWidth>1</lineWidth>
<points>
<point x="572" y="844"/>
<point x="680" y="844"/>
</points>
</Connector>
<Connector class="oracle.dbtools.crest.swingui.relational.TVFKRelation" oid="604E3B52-72DF-B503-D5DE-C7E303F44825" otype="FKIndexAssociation" vid_source="4877FC73-B90C-770A-06A5-646BDE378140" vid_target="20C2074B-B04C-1767-CEE5-8086F8EC467E">
<hideElementsInCurrentOnly>false</hideElementsInCurrentOnly>
<backgroundColor>-16777216</backgroundColor>
<lineWidth>1</lineWidth>
<points>
<point x="179" y="427"/>
<point x="179" y="552"/>
</points>
</Connector>
<Connector class="oracle.dbtools.crest.swingui.relational.TVFKRelation" oid="AA43F1EC-BEF2-0AC9-6F48-C400B0AC636D" otype="FKIndexAssociation" vid_source="898319C2-2F02-1402-FE05-F820274D6FDF" vid_target="20C2074B-B04C-1767-CEE5-8086F8EC467E">
<hideElementsInCurrentOnly>false</hideElementsInCurrentOnly>
<backgroundColor>-16777216</backgroundColor>
<lineWidth>1</lineWidth>
<points>
<point x="1044" y="246"/>
<point x="384" y="552"/>
</points>
</Connector>
<Connector class="oracle.dbtools.crest.swingui.relational.TVFKRelation" oid="D85795E8-8536-D13D-47ED-011000E1E5F8" otype="FKIndexAssociation" vid_source="6EA9BD81-DAC6-4E6D-8540-3434AE2B5537" vid_target="F63F9581-B30B-34DF-0A12-92237DF905C7">
<hideElementsInCurrentOnly>false</hideElementsInCurrentOnly>
<backgroundColor>-16777216</backgroundColor>
<lineWidth>1</lineWidth>
<points>
<point x="1283" y="781"/>
<point x="1283" y="721"/>
</points>
</Connector>
</connectors>
</Diagram>