<?xml version = '1.0' encoding = 'UTF-8'?>
<Diagram class="oracle.dbtools.crest.swingui.relational.DPVRelationalSubView" name="SCHEMA5" id="50028E1E-552B-A657-76CF-E068EDDFF1E0">
<createdBy>USUARIO</createdBy>
<modifiedBy>USUARIO</modifiedBy>
<createdTime>2024-06-29 00:58:31 UTC</createdTime>
<autoRoute>false</autoRoute>
<boxInbox>true</boxInbox>
<showLegend>false</showLegend>
<showLabels>false</showLabels>
<showRelAttributes>false</showRelAttributes>
<gridEnabled>false</gridEnabled>
<showGrid>false</showGrid>
<diagramColor>-1</diagramColor>
<display>false</display>
<notation>1</notation>
<objectViews>
<OView class="oracle.dbtools.crest.swingui.relational.TVTable" oid="793E8D3C-723C-A782-3764-1D77AEE18E56" otype="Table" vid="1E335D9A-F9C1-9E36-840A-4DE823C7249D">
<hideElementsInCurrentOnly>false</hideElementsInCurrentOnly>
<bounds x="20" y="20" width="251" height="88"/>
</OView>
</objectViews>
</Diagram>