<?xml version = '1.0' encoding = 'UTF-8'?>
<Diagram class="oracle.dbtools.crest.swingui.relational.DPVRelationalSubView" name="SCHEMA6" id="846AE9D7-1595-83B5-DF8C-F55A0CB7CB51">
<createdBy>USUARIO</createdBy>
<modifiedBy>USUARIO</modifiedBy>
<createdTime>2024-06-29 00:58:31 UTC</createdTime>
<autoRoute>false</autoRoute>
<boxInbox>true</boxInbox>
<showLegend>false</showLegend>
<showLabels>false</showLabels>
<showRelAttributes>false</showRelAttributes>
<gridEnabled>false</gridEnabled>
<showGrid>false</showGrid>
<diagramColor>-1</diagramColor>
<display>false</display>
<notation>1</notation>
<objectViews>
<OView class="oracle.dbtools.crest.swingui.relational.TVTable" oid="07C47604-3B42-E105-82FC-96479EF90FB3" otype="Table" vid="48EB11E4-782F-5F81-BF9E-F1BE62959CF1">
<hideElementsInCurrentOnly>false</hideElementsInCurrentOnly>
<bounds x="20" y="20" width="258" height="200"/>
</OView>
</objectViews>
</Diagram>