<?xml version = '1.0' encoding = 'UTF-8'?>
<Diagram class="oracle.dbtools.crest.swingui.relational.DPVRelationalSubView" name="SCHEMA1" id="B61F52FA-EC4E-F278-6A8E-ECBC4D89D01C">
<createdBy>USUARIO</createdBy>
<modifiedBy>USUARIO</modifiedBy>
<createdTime>2024-06-29 00:58:31 UTC</createdTime>
<autoRoute>false</autoRoute>
<boxInbox>true</boxInbox>
<showLegend>false</showLegend>
<showLabels>false</showLabels>
<showRelAttributes>false</showRelAttributes>
<gridEnabled>false</gridEnabled>
<showGrid>false</showGrid>
<diagramColor>-1</diagramColor>
<display>false</display>
<notation>1</notation>
<objectViews>
<OView class="oracle.dbtools.crest.swingui.relational.TVTable" oid="886D6C8A-BD9C-92A8-2598-AEAD3EE1DB5B" otype="Table" vid="9AF91FED-693C-346E-7C63-6A3C6AEEDDA3">
<hideElementsInCurrentOnly>false</hideElementsInCurrentOnly>
<bounds x="20" y="20" width="303" height="108"/>
</OView>
</objectViews>
</Diagram>