<?xml version = '1.0' encoding = 'UTF-8'?>
<FKIndexAssociation class="oracle.dbtools.crest.model.design.relational.FKIndexAssociation" directorySegmentName="seg_0" id="4FCC2886-BF28-F467-9FD1-EC7AF3FA8363" containerWithKeyObject="AAC77594-FFFD-6019-4E83-C1E30203BBAD" localFKIndex="1BE947F6-FF72-6ADB-AE71-7E0214CE1EAD" name="detenciones_zonas_fk">
<sourceDDLFile>Scrip.ddl</sourceDDLFile>
<createdBy>USUARIO</createdBy>
<createdTime>2024-06-29 00:58:31 UTC</createdTime>
<ownerDesignName>ModeloRelacional</ownerDesignName>
<referredTableLongName>zonas</referredTableLongName>
<deleteRule>NO ACTION</deleteRule>
<referredTableID>174F190E-B6CB-3264-B8BA-53493EADEAD8</referredTableID>
<keyObject>363A7BCA-819F-9C17-4DF5-2BA259DB2E03</keyObject>
<referredKeyID>363A7BCA-819F-9C17-4DF5-2BA259DB2E03</referredKeyID>
<mandatory>true</mandatory>
<refColNames>codigozonal</refColNames>
<transferable>true</transferable>
<rely>false</rely>
<columnDependencyConstraintGenerateInDDL>true</columnDependencyConstraintGenerateInDDL>
</FKIndexAssociation>