<?xml version = '1.0' encoding = 'UTF-8'?>
<FKIndexAssociation class="oracle.dbtools.crest.model.design.relational.FKIndexAssociation" directorySegmentName="seg_0" id="604E3B52-72DF-B503-D5DE-C7E303F44825" containerWithKeyObject="886D6C8A-BD9C-92A8-2598-AEAD3EE1DB5B" localFKIndex="2ABCC11C-5EF7-BE31-A5A1-888AFED27E7E" name="cantones_proviencias_fk">
<sourceDDLFile>Scrip.ddl</sourceDDLFile>
<createdBy>USUARIO</createdBy>
<createdTime>2024-06-29 00:58:31 UTC</createdTime>
<ownerDesignName>ModeloRelacional</ownerDesignName>
<referredTableLongName>proviencias</referredTableLongName>
<deleteRule>NO ACTION</deleteRule>
<referredTableID>2D26F1F2-915A-CC58-A1E9-458F81C61157</referredTableID>
<keyObject>8259FF69-8C09-B441-6BE2-D43BDFB15B83</keyObject>
<referredKeyID>8259FF69-8C09-B441-6BE2-D43BDFB15B83</referredKeyID>
<mandatory>true</mandatory>
<refColNames>codigo_provincia</refColNames>
<transferable>true</transferable>
<rely>false</rely>
<columnDependencyConstraintGenerateInDDL>true</columnDependencyConstraintGenerateInDDL>
</FKIndexAssociation>