<?xml version = '1.0' encoding = 'UTF-8'?>
<relationalModel class="oracle.dbtools.crest.model.design.relational.RelationalDesign" name="Relational_1" id="F3D4854F-725E-CA60-2093-3078BA0B3DB1" mainViewID="40A7031E-C750-252A-0361-35AE1157763D">
<createdBy>USUARIO</createdBy>
<createdTime>2024-06-29 00:54:03 UTC</createdTime>
<ownerDesignName>ModeloRelacional</ownerDesignName>
<shouldBeOpen>false</shouldBeOpen>
<selectedRDBMSSite>B0943E51-0387-1F2A-CED9-5FB738BA5A0C</selectedRDBMSSite>
<importDDLFileStamps>
<importDDLFileStamp class="oracle.dbtools.crest.imports.DDLFileStamp">
<fileName>Scrip.ddl</fileName>
<pathName>C:\Users\USUARIO\OneDrive\Escritorio\Mio\Uni\4_Ciclo\Practicum\PI</pathName>
<dbType>5</dbType>
</importDDLFileStamp>
</importDDLFileStamps>
</relationalModel>